AuthorID,Author,Date,Content,Attachments,Reactions
"539941684641792030","LittleAlchemist#5503","31-Jan-21 06:35 AM","/upgrade","",""
"406129972982317068","Sidekick II#9293","31-Jan-21 06:35 AM","","",""
"406129972982317068","Sidekick II#9293","31-Jan-21 06:35 AM","","",""
"384367680955744266","BlackStallion97#1505","31-Jan-21 06:39 AM","/update","",""
"406129972982317068","Sidekick II#9293","31-Jan-21 06:39 AM","**Players on Discord: 6**
:discord: `â €Name           â €` `â €Discord     â €`
:x: `â €Artizas        â €` `â €Artizas2    â €`
:x: `â €BlackStallion97â €` `â €BlackStallioâ €`
:x: `â €your grandpa   â €` `â €BlackStallioâ €`
:x: `â €Goldencode     â €` `â €Goldencode12â €`
:x: `â €LittleAlchemistâ €` `â €LittleAlchemâ €`
:x: `â €Z.Z            â €` `â €Z.Z         â €`","","discord (1),No (1)"
"406129972982317068","Sidekick II#9293","31-Jan-21 06:39 AM","**Players not on Discord: 40**
:discord: `â €NameÂ Â Â Â Â Â Â Â Â Â Â â €` `â €TagÂ Â Â Â Â Â Â â €`
:x: `â €AdamÂ Â Â Â Â Â Â Â Â Â Â â €` `â €#88R0Q88GÂ â €`
:x: `â €Alpha WolfÂ Â Â Â Â â €` `â €#P09Q9PRYCâ €`
:x: `â €Arif BURHANÂ Â Â Â â €` `â €#9V02JJV9Yâ €`
:x: `â €ArnoldÂ Â Â Â Â Â Â Â Â â €` `â €#C9GUUQ0RÂ â €`
:x: `â €Aryan n. MhatrÂ â €` `â €#Y20YYGP8Râ €`
:x: `â €BigBlueAircraftâ €` `â €#LVPCRYUCQâ €`
:x: `â €Bojovic1211Â Â Â Â â €` `â €#LJCPJ88P9â €`
:x: `â €BOSS MikecxÂ Â Â Â â €` `â €#VCQCLL9LÂ â €`
:x: `â €cafrsgghÂ Â Â Â Â Â Â â €` `â €#82U9YRYJ2â €`
:x: `â €CerMaCÂ Â Â Â Â Â Â Â Â â €` `â €#YYQPPP989â €`
:x: `â €chief stephenÂ Â â €` `â €#2RC89GQPÂ â €`
:x: `â €chief steveÂ Â Â Â â €` `â €#J8QVG8R0Â â €`
:x: `â €Chris14Â Â Â Â Â Â Â Â â €` `â €#PPPRVCQ8Qâ €`
:x: `â €DeadpoolÂ Â Â Â Â Â Â â €` `â €#9RY02YGCÂ â €`
:x: `â €DrunkBarbarianÂ â €` `â €#2LLPVGYGÂ â €`
:x: `â €DylanÂ Â Â Â Â Â Â Â Â Â â €` `â €#CJQ0Y2RJÂ â €`
:x: `â €DylanLCPÂ Â Â Â Â Â Â â €` `â €#PRCQGVLPLâ €`
:x: `â €Fe4RLessÂ Â Â Â Â Â Â â €` `â €#LQY8C2VQGâ €`
:x: `â €FUT21NewsÂ Â Â Â Â Â â €` `â €#LJQP2RRR2â €`
:x: `â €goontownÂ Â Â Â Â Â Â â €` `â €#LV9QCUU9Lâ €`
:x: `â €GuruÂ Â Â Â Â Â Â Â Â Â Â â €` `â €#LCQLJ80R0â €`
:x: `â €IRANÂ Â Â Â Â Â Â Â Â Â Â â €` `â €#2JPQGG9URâ €`
:x: `â €Jamesy BoiiÂ Â Â Â â €` `â €#CLRPQ298Â â €`
:x: `â €jess342Â Â Â Â Â Â Â Â â €` `â €#9CUUVJ2JCâ €`
:x: `â €johnÂ Â Â Â Â Â Â Â Â Â Â â €` `â €#8UV998RC8â €`
:x: `â €JuslikepieÂ Â Â Â Â â €` `â €#LVCJPUJJLâ €`
:x: `â €Krimson99Â Â Â Â Â Â â €` `â €#Q2CYRCCVÂ â €`
:x: `â €KrimsonRulerÂ Â Â â €` `â €#PU00JY2JÂ â €`
:x: `â €kyndawgÂ Â Â Â Â Â Â Â â €` `â €#LJY8828CUâ €`
:x: `â €La ChupacabraÂ Â â €` `â €#Q9YPPU2YÂ â €`
:x: `â €NevinÂ Â Â Â Â Â Â Â Â Â â €` `â €#PVC2R8R8Qâ €`","",""
"406129972982317068","Sidekick II#9293","31-Jan-21 06:39 AM",":x: `â €Pancakes21Â Â Â Â Â â €` `â €#9GVC2V8LPâ €`
:x: `â €quirkyÂ Â Â Â Â Â Â Â Â â €` `â €#L8R9LC2YCâ €`
:x: `â €rhino0117Â Â Â Â Â Â â €` `â €#20GU20C0Vâ €`
:x: `â €SoganÂ Â Â Â Â Â Â Â Â Â â €` `â €#VRYR82YJÂ â €`
:x: `â €Space JesusÂ Â Â Â â €` `â €#2QQY09GQRâ €`
:x: `â €supersmashÂ Â Â Â Â â €` `â €#LJCJJGVLJâ €`
:x: `â €tomÂ Â Â Â Â Â Â Â Â Â Â Â â €` `â €#LC8GVRJLVâ €`
:x: `â €WavyboytrellÂ Â Â â €` `â €#LQQY0Y9JYâ €`
:x: `â €WILLY$$Â Â Â Â Â Â Â Â â €` `â €#Q0CJUVL28â €`","",""
"406129972982317068","Sidekick II#9293","31-Jan-21 06:39 AM","","",""
"384367680955744266","BlackStallion97#1505","31-Jan-21 06:40 AM","/add Arnold @ArnoldCoC","",""
"406129972982317068","Sidekick II#9293","31-Jan-21 06:40 AM",":x: Successfully linked **Arnold**  #C9GUUQ0R to ArnoldCoC.","",""
"802848808627077131","ArnoldCoC#1155","31-Jan-21 06:56 AM","/add rhino0117 @Rhino0117","",""
"406129972982317068","Sidekick II#9293","31-Jan-21 06:56 AM",":x: Successfully linked **rhino0117**  #20GU20C0V to Rhino0117.","",""
"384367680955744266","BlackStallion97#1505","31-Jan-21 06:57 AM","/update","",""
"406129972982317068","Sidekick II#9293","31-Jan-21 06:57 AM","**Players on Discord: 8**
:discord: `â €Name           â €` `â €Discord     â €`
:x: `â €Arnold         â €` `â €ArnoldCoC   â €`
:x: `â €Artizas        â €` `â €Artizas2    â €`
:x: `â €BlackStallion97â €` `â €BlackStallioâ €`
:x: `â €your grandpa   â €` `â €BlackStallioâ €`
:x: `â €Goldencode     â €` `â €Goldencode12â €`
:x: `â €LittleAlchemistâ €` `â €LittleAlchemâ €`
:x: `â €rhino0117      â €` `â €Rhino0117   â €`
:x: `â €Z.Z            â €` `â €Z.Z         â €`","","discord (1),No (1)"
"406129972982317068","Sidekick II#9293","31-Jan-21 06:57 AM","**Players not on Discord: 38**
:discord: `â €NameÂ Â Â Â Â Â Â Â Â Â Â â €` `â €TagÂ Â Â Â Â Â Â â €`
:x: `â €AdamÂ Â Â Â Â Â Â Â Â Â Â â €` `â €#88R0Q88GÂ â €`
:x: `â €Alpha WolfÂ Â Â Â Â â €` `â €#P09Q9PRYCâ €`
:x: `â €Arif BURHANÂ Â Â Â â €` `â €#9V02JJV9Yâ €`
:x: `â €Aryan n. MhatrÂ â €` `â €#Y20YYGP8Râ €`
:x: `â €BigBlueAircraftâ €` `â €#LVPCRYUCQâ €`
:x: `â €Bojovic1211Â Â Â Â â €` `â €#LJCPJ88P9â €`
:x: `â €BOSS MikecxÂ Â Â Â â €` `â €#VCQCLL9LÂ â €`
:x: `â €cafrsgghÂ Â Â Â Â Â Â â €` `â €#82U9YRYJ2â €`
:x: `â €CerMaCÂ Â Â Â Â Â Â Â Â â €` `â €#YYQPPP989â €`
:x: `â €chief stephenÂ Â â €` `â €#2RC89GQPÂ â €`
:x: `â €chief steveÂ Â Â Â â €` `â €#J8QVG8R0Â â €`
:x: `â €Chris14Â Â Â Â Â Â Â Â â €` `â €#PPPRVCQ8Qâ €`
:x: `â €DeadpoolÂ Â Â Â Â Â Â â €` `â €#9RY02YGCÂ â €`
:x: `â €DrunkBarbarianÂ â €` `â €#2LLPVGYGÂ â €`
:x: `â €DylanÂ Â Â Â Â Â Â Â Â Â â €` `â €#CJQ0Y2RJÂ â €`
:x: `â €DylanLCPÂ Â Â Â Â Â Â â €` `â €#PRCQGVLPLâ €`
:x: `â €Fe4RLessÂ Â Â Â Â Â Â â €` `â €#LQY8C2VQGâ €`
:x: `â €FUT21NewsÂ Â Â Â Â Â â €` `â €#LJQP2RRR2â €`
:x: `â €goontownÂ Â Â Â Â Â Â â €` `â €#LV9QCUU9Lâ €`
:x: `â €GuruÂ Â Â Â Â Â Â Â Â Â Â â €` `â €#LCQLJ80R0â €`
:x: `â €IRANÂ Â Â Â Â Â Â Â Â Â Â â €` `â €#2JPQGG9URâ €`
:x: `â €Jamesy BoiiÂ Â Â Â â €` `â €#CLRPQ298Â â €`
:x: `â €jess342Â Â Â Â Â Â Â Â â €` `â €#9CUUVJ2JCâ €`
:x: `â €johnÂ Â Â Â Â Â Â Â Â Â Â â €` `â €#8UV998RC8â €`
:x: `â €JuslikepieÂ Â Â Â Â â €` `â €#LVCJPUJJLâ €`
:x: `â €Krimson99Â Â Â Â Â Â â €` `â €#Q2CYRCCVÂ â €`
:x: `â €KrimsonRulerÂ Â Â â €` `â €#PU00JY2JÂ â €`
:x: `â €kyndawgÂ Â Â Â Â Â Â Â â €` `â €#LJY8828CUâ €`
:x: `â €La ChupacabraÂ Â â €` `â €#Q9YPPU2YÂ â €`
:x: `â €NevinÂ Â Â Â Â Â Â Â Â Â â €` `â €#PVC2R8R8Qâ €`
:x: `â €Pancakes21Â Â Â Â Â â €` `â €#9GVC2V8LPâ €`","",""
"406129972982317068","Sidekick II#9293","31-Jan-21 06:57 AM",":x: `â €quirkyÂ Â Â Â Â Â Â Â Â â €` `â €#L8R9LC2YCâ €`
:x: `â €SoganÂ Â Â Â Â Â Â Â Â Â â €` `â €#VRYR82YJÂ â €`
:x: `â €Space JesusÂ Â Â Â â €` `â €#2QQY09GQRâ €`
:x: `â €supersmashÂ Â Â Â Â â €` `â €#LJCJJGVLJâ €`
:x: `â €tomÂ Â Â Â Â Â Â Â Â Â Â Â â €` `â €#LC8GVRJLVâ €`
:x: `â €WavyboytrellÂ Â Â â €` `â €#LQQY0Y9JYâ €`
:x: `â €WILLY$$Â Â Â Â Â Â Â Â â €` `â €#Q0CJUVL28â €`","",""
"406129972982317068","Sidekick II#9293","31-Jan-21 06:57 AM","","",""
"384367680955744266","BlackStallion97#1505","31-Jan-21 06:57 AM","/add Adam @Staminoka","",""
"406129972982317068","Sidekick II#9293","31-Jan-21 06:57 AM",":x: Successfully linked **Adam**  #88R0Q88G to Adam.","",""
"384367680955744266","BlackStallion97#1505","31-Jan-21 07:00 AM","wolf-prince is alpha wolf right?","",""
"802848808627077131","ArnoldCoC#1155","31-Jan-21 07:00 AM","Yes","",""
"384367680955744266","BlackStallion97#1505","31-Jan-21 07:00 AM","okok","",""
"384367680955744266","BlackStallion97#1505","31-Jan-21 07:01 AM","/add Alpha Wolf @Wolf_prince21","",""
"406129972982317068","Sidekick II#9293","31-Jan-21 07:01 AM",":x: Successfully linked **Alpha Wolf**  #P09Q9PRYC to Wolf_prince21.","",""
"802848808627077131","ArnoldCoC#1155","31-Jan-21 07:01 AM","/add adam @Staminoka","",""
"406129972982317068","Sidekick II#9293","31-Jan-21 07:01 AM",":x: Successfully linked **Adam**  #88R0Q88G to Adam.","",""
"539941684641792030","LittleAlchemist#5503","31-Jan-21 03:25 PM","/upgrade","",""
"406129972982317068","Sidekick II#9293","31-Jan-21 03:25 PM","","",""
"406129972982317068","Sidekick II#9293","31-Jan-21 03:25 PM","","",""
"384367680955744266","BlackStallion97#1505","02-Feb-21 09:05 AM","/add #clan-feed channel","",""
"406129972982317068","Sidekick II#9293","02-Feb-21 09:05 AM",":x: No matches found for `#clan-feed channel`. Perhaps try their tag?","",""
"384367680955744266","BlackStallion97#1505","02-Feb-21 10:06 AM","/channel #clan-feed","",""
"406129972982317068","Sidekick II#9293","02-Feb-21 10:06 AM","Sidekick is now linked to DeadSages in this channel","",""
"406129972982317068","Sidekick II#9293","02-Feb-21 10:06 AM","**Added #clan-feed to DeadSages**","",""
"406129972982317068","Sidekick II#9293","02-Feb-21 10:06 AM","","",""
"406129972982317068","Sidekick II#9293","02-Feb-21 10:06 AM","This channel accepts commands for **DeadSages**","",""
"384367680955744266","BlackStallion97#1505","02-Feb-21 10:07 AM","/channel #clan-feed feed","",""
"406129972982317068","Sidekick II#9293","02-Feb-21 10:07 AM","Sidekick is now linked to DeadSages in this channel","",""
"406129972982317068","Sidekick II#9293","02-Feb-21 10:07 AM","**Added #clan-feed to DeadSages**","",""
"406129972982317068","Sidekick II#9293","02-Feb-21 10:07 AM","","",""
"406129972982317068","Sidekick II#9293","02-Feb-21 10:07 AM","This channel accepts commands for **DeadSages**","",""
"384367680955744266","BlackStallion97#1505","02-Feb-21 11:59 AM","/feed","",""
"384367680955744266","BlackStallion97#1505","02-Feb-21 12:00 PM","/war","",""
"406129972982317068","Sidekick II#9293","02-Feb-21 12:00 PM","**Scoreboard**:gap:
`â €  DeadSagesâ €`    :Clan:    `â €CHAOS      â €`
`â €       0/90â €`    :sk_star_new:    `â €0/90       â €`
`â €       0.0%â €`    :per:    `â €0.0%       â €`
`â €       0/30â €`    :sk_sword_empty:    `â €0/30       â €`

War starts in **1 hours and 17 minutes**.
:gap:
**â€ŽCHAOS Open Bases**:gap:
:gap: :gap::gap::per: :No: :Th:  **Name and Caller**
â€Ž:sk_star_empty::sk_star_empty::sk_star_empty: :s0: :b1: :t13:  Scott\_on\_CoC** **
â€Ž:sk_star_empty::sk_star_empty::sk_star_empty: :s0: :b2: :t12:  Eric** **
â€Ž:sk_star_empty::sk_star_empty::sk_star_empty: :s0: :b3: :t12:  Fishinfool** **
â€Ž:sk_star_empty::sk_star_empty::sk_star_empty: :s0: :b4: :t12:  Ussama87sh** **
â€Ž:sk_star_empty::sk_star_empty::sk_star_empty: :s0: :b5: :t12:  EJ** **
â€Ž:sk_star_empty::sk_star_empty::sk_star_empty: :s0: :b6: :t12:  King Leggy** **","",""
"406129972982317068","Sidekick II#9293","02-Feb-21 12:00 PM","â€Ž:sk_star_empty::sk_star_empty::sk_star_empty: :s0: :b7: :t12:  maca11ister** **
â€Ž:sk_star_empty::sk_star_empty::sk_star_empty: :s0: :b8: :t12:  Aserisk** **
â€Ž:sk_star_empty::sk_star_empty::sk_star_empty: :s0: :b9: :t11:  PrettyBoy** **
â€Ž:sk_star_empty::sk_star_empty::sk_star_empty: :s0: :b10: :t11:  dan** **
â€Ž:sk_star_empty::sk_star_empty::sk_star_empty: :s0: :b11: :t11:  jake whyte** **
â€Ž:sk_star_empty::sk_star_empty::sk_star_empty: :s0: :b12: :t11:  Shock** **
â€Ž:sk_star_empty::sk_star_empty::sk_star_empty: :s0: :b13: :t11:  xHansx** **
â€Ž:sk_star_empty::sk_star_empty::sk_star_empty: :s0: :b14: :t11:  the warrior** **
â€Ž:sk_star_empty::sk_star_empty::sk_star_empty: :s0: :b15: :t11:  Maxipoder** **","",""
"406129972982317068","Sidekick II#9293","02-Feb-21 12:00 PM","â€Ž:sk_star_empty::sk_star_empty::sk_star_empty: :s0: :b16: :t11:  Young Tangoâ„¢** **
â€Ž:sk_star_empty::sk_star_empty::sk_star_empty: :s0: :b17: :t11:  REDSKULL** **
â€Ž:sk_star_empty::sk_star_empty::sk_star_empty: :s0: :b18: :t10:  NBAYOUNGJAYLON** **
â€Ž:sk_star_empty::sk_star_empty::sk_star_empty: :s0: :b19: :t10:  TheLegend27** **
â€Ž:sk_star_empty::sk_star_empty::sk_star_empty: :s0: :b20: :t10:  Johnny** **
â€Ž:sk_star_empty::sk_star_empty::sk_star_empty: :s0: :b21: :t9:  cheeseburglor** **
â€Ž:sk_star_empty::sk_star_empty::sk_star_empty: :s0: :b22: :t9:  Aserisk 2.0** **
â€Ž:sk_star_empty::sk_star_empty::sk_star_empty: :s0: :b23: :t9:  Gabe** **
â€Ž:sk_star_empty::sk_star_empty::sk_star_empty: :s0: :b24: :t9:  Slayer1** **","",""
"406129972982317068","Sidekick II#9293","02-Feb-21 12:00 PM","â€Ž:sk_star_empty::sk_star_empty::sk_star_empty: :s0: :b25: :t9:  Jay** **
â€Ž:sk_star_empty::sk_star_empty::sk_star_empty: :s0: :b26: :t9:  Tito177** **
â€Ž:sk_star_empty::sk_star_empty::sk_star_empty: :s0: :b27: :t9:  BradyTurtle** **
â€Ž:sk_star_empty::sk_star_empty::sk_star_empty: :s0: :b28: :t9:  Luis** **
â€Ž:sk_star_empty::sk_star_empty::sk_star_empty: :s0: :b29: :t9:  Saint Laurent** **
â€Ž:sk_star_empty::sk_star_empty::sk_star_empty: :s0: :b30: :t9:  Thermal** **
â€‹","","âž• (1)"
"384367680955744266","BlackStallion97#1505","02-Feb-21 12:00 PM","/top","",""
"802848808627077131","ArnoldCoC#1155","02-Feb-21 12:47 PM","Hopefully it is not the real opponent's lineup for war 1 ðŸ˜‚","",""
"406129972982317068","Sidekick II#9293","02-Feb-21 01:03 PM",":swb::b2: ZZ.mini upgraded Wall Breaker
:sfreeze::b6: BlackStallion97 upgraded Freeze
:sclone::b3: Arnold upgraded Clone
:scanon::s15: rhino0117 upgraded Cannon Cart
:sbarb::s4: Alpha Wolf upgraded Barbarian
:aq::s33: your grandpa upgraded Archer Queen","",""
"406129972982317068","Sidekick II#9293","02-Feb-21 06:11 PM",":slightning::b5: chief stephen upgraded Lightning
:sgolem::b2: chief stephen upgraded Golem
:srbab::s5: chief stephen upgraded Raged Barbarian
:aq::s3: chief steve upgraded Archer Queen
:srbab::s4: kyndawg upgraded Raged Barbarian
:ssneaky::s5: kyndawg upgraded Sneaky Archer
:aq::s44: Adam upgraded Archer Queen
:bk::s39: rhino0117 upgraded Barbarian King","",""
"406129972982317068","Sidekick II#9293","02-Feb-21 11:33 PM",":srage::b4: Artizas upgraded Rage
:ssneaky::s7: Artizas upgraded Sneaky Archer
:sgiant::b2: ZZ.mini upgraded Giant
:sm::s13: Z.Z upgraded Battle Machine
:sboxer::s4: kyndawg upgraded Boxer Giant
:seq::b2: quirky upgraded Earthquake
:sk_bh::t5: LittleAlchemist is now Builder Hall 5
:aq::s9: Alpha Wolf upgraded Archer Queen","",""
"406129972982317068","Sidekick II#9293","03-Feb-21 04:39 AM",":scanon::s3: chief steve upgraded Cannon Cart
:aq::b40: Arnold upgraded Archer Queen
:sgolem::sk_unlocked: Goldencode unlocked Golem
:bk::s8: Goldencode upgraded Barbarian King
:scanon::s14: your grandpa upgraded Cannon Cart","",""
"406129972982317068","Sidekick II#9293","03-Feb-21 09:30 AM",":sgolem::b4: CerMaC upgraded Golem
:sminion::b7: Adam upgraded Minion","",""
"406129972982317068","Sidekick II#9293","03-Feb-21 02:28 PM",":srbab::s7: Artizas upgraded Raged Barbarian
:svalk::s3: Guru upgraded Valkyrie
:sloon::b2: ZZ.mini upgraded Balloon
:sbeta::s3: kyndawg upgraded Beta Minion
:switch::sk_unlocked: Alpha Wolf unlocked Witch","",""
"406129972982317068","Sidekick II#9293","03-Feb-21 07:58 PM",":sbomber::s4: LittleAlchemist upgraded Bomber
:bk::s7: LittleAlchemist upgraded Barbarian King
:ssneaky::s13: IRAN upgraded Sneaky Archer","",""
"406129972982317068","Sidekick II#9293","04-Feb-21 01:38 AM",":sgoblin::b2: ZZ.mini upgraded Goblin
:sjump::b2: Z.Z upgraded Jump
:sm::s12: Arnold upgraded Battle Machine
:sminion::sk_unlocked: tom unlocked Minion
:bk::s3: tom upgraded Barbarian King
:Th::t7: tom is now Town Hall 7","",""
"539941684641792030","LittleAlchemist#5503","04-Feb-21 01:39 AM","/upgrade","",""
"406129972982317068","Sidekick II#9293","04-Feb-21 01:39 AM","","",""
"406129972982317068","Sidekick II#9293","04-Feb-21 01:39 AM","","",""
"406129972982317068","Sidekick II#9293","04-Feb-21 06:56 AM",":seq::s2: Guru upgraded Earthquake
:svalk::b4: Guru upgraded Valkyrie
:sbomber::s13: BlackStallion97 upgraded Bomber
:Th::t5: kyndawg is now Town Hall 5
:spekka::sk_unlocked: LittleAlchemist unlocked P.E.K.K.A
:sk_bh::t9: rhino0117 is now Builder Hall 9
:gw::s4: your grandpa upgraded Grand Warden","",""
"406129972982317068","Sidekick II#9293","04-Feb-21 12:14 PM",":shog::s2: chief stephen upgraded Hog Rider
:bk::s13: chief steve upgraded Barbarian King
:sboxer::s2: ZZ.mini upgraded Boxer Giant
:Th::t5: ZZ.mini is now Town Hall 5
:slightning::sk_unlocked: kyndawg unlocked Lightning
:ssneaky::s6: kyndawg upgraded Sneaky Archer
:sbarb::b6: DylanLCP upgraded Barbarian","",""
"406129972982317068","Sidekick II#9293","04-Feb-21 05:49 PM",":slightning::b6: chief steve upgraded Lightning
:slightning::sk_unlocked: ZZ.mini unlocked Lightning
:sm::s14: Z.Z upgraded Battle Machine
:srbab::s5: kyndawg upgraded Raged Barbarian
:sarcher::b7: rhino0117 upgraded Archer
:bk::s9: Goldencode upgraded Barbarian King","",""
"406129972982317068","Sidekick II#9293","05-Feb-21 01:13 AM",":srbab::s6: chief stephen upgraded Raged Barbarian
:aq::s4: chief steve upgraded Archer Queen
:shealing::s3: tom upgraded Healing
:shog::sk_unlocked: tom unlocked Hog Rider
:sm::s8: Guru upgraded Battle Machine
:sgoblin::b5: BigBlueAircraft upgraded Goblin
:smaster: Z.Z pushed to Master League","",""
"406129972982317068","Sidekick II#9293","05-Feb-21 06:12 AM",":shog::s6: your grandpa upgraded Hog Rider
:srbab::s6: kyndawg upgraded Raged Barbarian
:gw::s17: HyperZ3 upgraded Grand Warden
:ssneaky::s6: chief stephen upgraded Sneaky Archer
:spekka::sk_unlocked: Goldencode unlocked P.E.K.K.A
:aq::s15: Guru upgraded Archer Queen
:gw::s11: Adam upgraded Grand Warden
:schampion: Arnold pushed to Champion League","",""
"406129972982317068","Sidekick II#9293","05-Feb-21 11:01 AM",":sm::t30: BlackStallion97 upgraded Battle Machine
:shog::b2: Artizas upgraded Hog Rider","",""
"406129972982317068","Sidekick II#9293","05-Feb-21 04:09 PM",":sbarb::b3: kyndawg upgraded Barbarian
:sbeta::s4: kyndawg upgraded Beta Minion
:switch::sk_unlocked: CerMaC unlocked Witch
:sbomber::s7: Goldencode upgraded Bomber
:scanon::s4: chief steve upgraded Cannon Cart","",""
"406129972982317068","Sidekick II#9293","05-Feb-21 09:41 PM",":svalk::sk_unlocked: LittleAlchemist unlocked Valkyrie
:srbab::s13: Pedro R. upgraded Raged Barbarian
:sarcher::b3: ZZ.mini upgraded Archer
:swizard::sk_unlocked: ZZ.mini unlocked Wizard
:ssilver: ZZ.mini pushed to Silver League","",""
"406129972982317068","Sidekick II#9293","06-Feb-21 02:23 AM","","",""
"406129972982317068","Sidekick II#9293","06-Feb-21 03:10 AM",":swizard::b5: LittleAlchemist upgraded Wizard
:slava::b3: Pedro R. upgraded Lava Hound
:sdragon::b5: Jamesy Boii upgraded Dragon
:snight::s5: Jamesy Boii upgraded Night Witch
:sboxer::s3: ZZ.mini upgraded Boxer Giant
:Th::t6: ZZ.mini is now Town Hall 6
:spekka::b3: WILLY$$ upgraded P.E.K.K.A
:sbeta::s2: chief stephen upgraded Beta Minion
:aq::s5: chief steve upgraded Archer Queen
:shog::s5: Arif BURHAN upgraded Hog Rider
:seq::sk_unlocked: Alpha Wolf unlocked Earthquake
:sloon::s5: Alpha Wolf upgraded Balloon","",""
"406129972982317068","Sidekick II#9293","06-Feb-21 08:07 AM",":aq::s31: Space Jesus upgraded Archer Queen
:sfreeze::s3: Arnold upgraded Freeze
:swizard::b5: Aryan n. Mhatr upgraded Wizard","",""
"406129972982317068","Sidekick II#9293","06-Feb-21 01:04 PM",":swizard::sk_unlocked: kyndawg unlocked Wizard
:sbomber::s5: LittleAlchemist upgraded Bomber
:sboxer::s4: ZZ.mini upgraded Boxer Giant
:srbab::s8: Artizas upgraded Raged Barbarian
:sm::s21: Adam upgraded Battle Machine","",""
"406129972982317068","Sidekick II#9293","06-Feb-21 06:29 PM",":sdragon::b3: Goldencode upgraded Dragon
:bk::s14: chief steve upgraded Barbarian King
:Th::t8: Artizas is now Town Hall 8","",""
"406129972982317068","Sidekick II#9293","07-Feb-21 12:29 AM",":sm::s14: Space Jesus upgraded Battle Machine
:sbarb::b3: ZZ.mini upgraded Barbarian
:bk::s25: Dylan upgraded Barbarian King
:sbomber::s8: Goldencode upgraded Bomber
:slava::sk_unlocked: Alpha Wolf unlocked Lava Hound","",""
"406129972982317068","Sidekick II#9293","07-Feb-21 06:12 AM",":sarcher::b3: kyndawg upgraded Archer
:spoison::sk_unlocked: Artizas unlocked Poison","",""
"406129972982317068","Sidekick II#9293","07-Feb-21 09:19 AM","","",""
"406129972982317068","Sidekick II#9293","07-Feb-21 11:35 AM",":gw::sk_unlocked: rhino0117 unlocked Grand Warden
:Th::t11: rhino0117 is now Town Hall 11
:shealing::sk_unlocked: ZZ.mini unlocked Healing
:swizard::s2: ZZ.mini upgraded Wizard
:svalk::s2: Z.Z upgraded Valkyrie
:sm::s15: Z.Z upgraded Battle Machine
:srage::sk_unlocked: tom unlocked Rage
:sgiant::b4: tom upgraded Giant","",""
"406129972982317068","Sidekick II#9293","07-Feb-21 05:17 PM",":shog::s3: chief stephen upgraded Hog Rider","",""
"406129972982317068","Sidekick II#9293","07-Feb-21 05:43 PM","","",""
"406129972982317068","Sidekick II#9293","07-Feb-21 11:25 PM",":swizard::b2: kyndawg upgraded Wizard
:shogglider::s2: rhino0117 upgraded Hog Glider
:gw::s2: rhino0117 upgraded Grand Warden
:scanon::s5: chief steve upgraded Cannon Cart
:sloon::s4: Artizas upgraded Balloon","",""
"406129972982317068","Sidekick II#9293","08-Feb-21 05:04 AM",":sboxer::s13: Pedro R. upgraded Boxer Giant
:sm::s13: Arnold upgraded Battle Machine
:sm::s4: Chris14 upgraded Battle Machine","",""
"406129972982317068","Sidekick II#9293","08-Feb-21 07:33 AM","","",""
"406129972982317068","Sidekick II#9293","08-Feb-21 07:33 AM","","",""
"740622948339023979","Z.Z#2874","08-Feb-21 07:44 AM","Oooo like this summary","",""
"406129972982317068","Sidekick II#9293","08-Feb-21 10:33 AM",":bk::b10: Goldencode upgraded Barbarian King
:sgiant::b5: quirky upgraded Giant
:sloon::b5: BigBlueAircraft upgraded Balloon","",""
"406129972982317068","Sidekick II#9293","08-Feb-21 04:01 PM",":bk::s40: rhino0117 upgraded Barbarian King
:swizard::s5: CerMaC upgraded Wizard
:slava::sk_unlocked: CerMaC unlocked Lava Hound
:shealer::sk_unlocked: ZZ.mini unlocked Healer
:sbeta::s12: Guru upgraded Beta Minion","",""
"406129972982317068","Sidekick II#9293","08-Feb-21 10:11 PM",":sk_bh::t4: ZZ.mini is now Builder Hall 4
:sbomber::s9: Dylan upgraded Bomber
:bk::s6: Artizas upgraded Barbarian King
:sk_bh::t6: Alpha Wolf is now Builder Hall 6
:slightning::b7: Chris14 upgraded Lightning","",""
"406129972982317068","Sidekick II#9293","09-Feb-21 01:06 AM","","",""
"406129972982317068","Sidekick II#9293","09-Feb-21 04:23 AM",":swb::b5: LittleAlchemist upgraded Wall Breaker
:sbeta::s3: LittleAlchemist upgraded Beta Minion
:swb::b3: ZZ.mini upgraded Wall Breaker
:sdrop::s2: Arnold upgraded Drop Ship","",""
"406129972982317068","Sidekick II#9293","09-Feb-21 10:07 AM",":sgoblin::b3: kyndawg upgraded Goblin
:scanon::s3: quirky upgraded Cannon Cart","",""
"406129972982317068","Sidekick II#9293","09-Feb-21 03:58 PM",":sk_promoted: LittleAlchemist has been promoted to Elder
:sk_promoted: rhino0117 has been promoted to Co-Leader
:sk_promoted: Jamesy Boii has been promoted to Co-Leader
:sk_promoted: Goldencode has been promoted to Elder
:seq::sk_unlocked: Artizas unlocked Earthquake
:svalk::sk_unlocked: Artizas unlocked Valkyrie
:sk_promoted: Artizas has been promoted to Elder
:sk_promoted: cafrsggh has been promoted to Co-Leader
:aq::s16: Guru upgraded Archer Queen
:sk_promoted: Alpha Wolf has been promoted to Elder
:schampion: rhino0117 pushed to Champion League","",""
"406129972982317068","Sidekick II#9293","09-Feb-21 10:28 PM",":sbeta::s4: LittleAlchemist upgraded Beta Minion
:gw::s3: rhino0117 upgraded Grand Warden
:slightning::b7: Space Jesus upgraded Lightning
:srbab::s9: Goldencode upgraded Raged Barbarian
:spekka::sk_unlocked: Artizas unlocked P.E.K.K.A
:sclone::sk_unlocked: Alpha Wolf unlocked Clone
:sbomber::s2: Alpha Wolf upgraded Bomber","",""
"406129972982317068","Sidekick II#9293","10-Feb-21 04:51 AM",":sdragon::b4: chief steve upgraded Dragon
:seq::b3: Guru upgraded Earthquake","",""
"406129972982317068","Sidekick II#9293","10-Feb-21 09:38 AM","","",""
"406129972982317068","Sidekick II#9293","10-Feb-21 10:53 AM",":aq::s10: Alpha Wolf upgraded Archer Queen","",""
"406129972982317068","Sidekick II#9293","10-Feb-21 05:10 PM",":sskeleton::s3: rhino0117 upgraded Skeleton
:svalk::b6: rhino0117 upgraded Valkyrie
:sfreeze::s4: Pedro R. upgraded Freeze
:swizard::b3: ZZ.mini upgraded Wizard
:sminion::b6: Arnold upgraded Minion
:sbowler::sk_unlocked: Alpha Wolf unlocked Bowler
:bk::s25: Chris14 upgraded Barbarian King
:sgold: HIRO pushed to Gold League","",""
"406129972982317068","Sidekick II#9293","11-Feb-21 12:00 AM",":bk::s8: LittleAlchemist upgraded Barbarian King
:Th::t7: ZZ.mini is now Town Hall 7
:scanon::s6: chief steve upgraded Cannon Cart
:sdragon::b3: Artizas upgraded Dragon
:spekka::s2: cafrsghh 3 upgraded P.E.K.K.A
:srbab::s7: Alpha Wolf upgraded Raged Barbarian
:aq::s28: Chris14 upgraded Archer Queen","",""
"406129972982317068","Sidekick II#9293","11-Feb-21 06:26 AM",":aq::s32: Space Jesus upgraded Archer Queen
:srbab::s14: Pedro R. upgraded Raged Barbarian
:sgolem::sk_unlocked: Artizas unlocked Golem
:gw::s11: cafrsghh 3 upgraded Grand Warden
:sm::s9: Guru upgraded Battle Machine
:sloon::b6: Alpha Wolf upgraded Balloon
:sm::s22: Adam upgraded Battle Machine","",""
"406129972982317068","Sidekick II#9293","11-Feb-21 12:39 PM",":svalk::s3: Z.Z upgraded Valkyrie
:sbarb::b5: quirky upgraded Barbarian
:bk::s7: Artizas upgraded Barbarian King","",""
"406129972982317068","Sidekick II#9293","11-Feb-21 07:28 PM",":sbdragon::s5: LittleAlchemist upgraded Baby Dragon/Builder Base
:sdragon::sk_unlocked: ZZ.mini unlocked Dragon
:sboxer::s5: ZZ.mini upgraded Boxer Giant
:shealing::b7: Dylan upgraded Healing
:sminion::s3: Goldencode upgraded Minion
:sm::sk_unlocked: Artizas unlocked Battle Machine
:aq::s17: Guru upgraded Archer Queen
:aq::s11: Alpha Wolf upgraded Archer Queen","",""
"406129972982317068","Sidekick II#9293","12-Feb-21 02:27 AM",":sbarb::s3: LittleAlchemist upgraded Barbarian
:shealer::b3: LittleAlchemist upgraded Healer
:ed::sk_unlocked: rhino0117 unlocked Electro Dragon
:sm::s16: Z.Z upgraded Battle Machine
:sarcher::b4: tom upgraded Archer
:bk::s12: Guru upgraded Barbarian King
:sm::s10: Guru upgraded Battle Machine
:sboxer::s9: Adam upgraded Boxer Giant","",""
"406129972982317068","Sidekick II#9293","12-Feb-21 08:41 AM",":ed::sk_unlocked: your grandpa unlocked Electro Dragon
:snight::s6: Jamesy Boii upgraded Night Witch
:sloon::s3: ZZ.mini upgraded Balloon
:spoison::b5: Adam upgraded Poison","",""
"406129972982317068","Sidekick II#9293","12-Feb-21 02:56 PM",":sbowler::b3: BlackStallion97 upgraded Bowler
:scanon::s7: chief steve upgraded Cannon Cart
:aq::s6: chief steve upgraded Archer Queen
:shog::b4: quirky upgraded Hog Rider
:sgiant::s5: Guru upgraded Giant
:sgolem::b2: BigBlueAircraft upgraded Golem","",""
"406129972982317068","Sidekick II#9293","12-Feb-21 09:37 PM",":sk_bh::t4: kyndawg is now Builder Hall 4
:sbeta::s3: chief stephen upgraded Beta Minion
:sm::sk_unlocked: chief steve unlocked Battle Machine
:srbab::s7: quirky upgraded Raged Barbarian
:sbdragon::s11: Guru upgraded Baby Dragon/Builder Base","",""
"406129972982317068","Sidekick II#9293","13-Feb-21 12:33 PM",":aq::s19: Nevin upgraded Archer Queen
:bk::s25: Z.Z upgraded Barbarian King
:aq::s28: Z.Z upgraded Archer Queen
:bk::s31: Space Jesus upgraded Barbarian King
:slightning::b5: Artizas upgraded Lightning
:aq::s40: cafrsghh 3 upgraded Archer Queen
:srage::sk_unlocked: ZZ.mini unlocked Rage
:switch::b3: Jamesy Boii upgraded Witch
:aq::s24: Jamesy Boii upgraded Archer Queen
:scrystal: Pedro R. pushed to Crystal League","",""
"406129972982317068","Sidekick II#9293","13-Feb-21 04:46 PM","","",""
"406129972982317068","Sidekick II#9293","13-Feb-21 07:33 PM","","",""
"406129972982317068","Sidekick II#9293","13-Feb-21 07:33 PM","","",""
"406129972982317068","Sidekick II#9293","13-Feb-21 07:33 PM","","",""
"406129972982317068","Sidekick II#9293","13-Feb-21 07:33 PM","","",""
"406129972982317068","Sidekick II#9293","13-Feb-21 07:33 PM","","",""
"406129972982317068","Sidekick II#9293","13-Feb-21 08:32 PM","","",""
"406129972982317068","Sidekick II#9293","13-Feb-21 08:32 PM","","",""
"406129972982317068","Sidekick II#9293","13-Feb-21 09:45 PM","","",""
"406129972982317068","Sidekick II#9293","13-Feb-21 10:59 PM","","",""
"406129972982317068","Sidekick II#9293","13-Feb-21 10:59 PM","","",""
"406129972982317068","Sidekick II#9293","13-Feb-21 11:51 PM",":sbdragon::s11: HyperZ3 upgraded Baby Dragon/Builder Base
:bk::s13: Guru upgraded Barbarian King
:gw::s12: Adam upgraded Grand Warden
:sm::s23: Adam upgraded Battle Machine
:sm::sk_unlocked: LittleAlchemist unlocked Battle Machine
:srbab::s10: Goldencode upgraded Raged Barbarian
:sminer::sk_unlocked: Jamesy Boii unlocked Miner
:sbomber::s9: Jamesy Boii upgraded Bomber
:aq::s7: chief steve upgraded Archer Queen
:sfreeze::s3: Chris14 upgraded Freeze","",""
"539941684641792030","LittleAlchemist#5503","14-Feb-21 04:01 AM","/upgrade","",""
"406129972982317068","Sidekick II#9293","14-Feb-21 04:01 AM","","",""
"406129972982317068","Sidekick II#9293","14-Feb-21 04:01 AM","","",""
"406129972982317068","Sidekick II#9293","14-Feb-21 08:12 AM",":sboxer::s6: ZZ.mini upgraded Boxer Giant
:sgiant::b5: HIRO upgraded Giant
:sbarb::b4: tom upgraded Barbarian","",""
"406129972982317068","Sidekick II#9293","14-Feb-21 02:08 PM",":sm::s17: Z.Z upgraded Battle Machine
:sarcher::s4: Wavyboytrell upgraded Archer
:scanon::s2: Artizas upgraded Cannon Cart
:bk::s8: Artizas upgraded Barbarian King
:sbdragon::s12: Guru upgraded Baby Dragon/Builder Base
:aq::s18: Guru upgraded Archer Queen","",""
"406129972982317068","Sidekick II#9293","14-Feb-21 08:05 PM",":sminion::sk_unlocked: ZZ.mini unlocked Minion
:bk::sk_unlocked: ZZ.mini unlocked Barbarian King
:bk::s24: RayOut upgraded Barbarian King","",""
"406129972982317068","Sidekick II#9293","15-Feb-21 02:08 AM",":sarcher::b5: quirky upgraded Archer
:svalk::b4: Z.Z upgraded Valkyrie
:bk::s20: GotrekTheGreat upgraded Barbarian King
:sbarb::s4: LittleAlchemist upgraded Barbarian
:sclone::sk_unlocked: RayOut unlocked Clone
:sbat::sk_unlocked: RayOut unlocked Bat
:sicegolem::sk_unlocked: rhino0117 unlocked Ice Golem
:scanon::s13: Arnold upgraded Cannon Cart
:sfreeze::b5: Pedro R. upgraded Freeze
:sbarb::b7: Pedro R. upgraded Barbarian
:svalk::b5: Pedro R. upgraded Valkyrie","",""
"406129972982317068","Sidekick II#9293","15-Feb-21 02:19 AM","","",""
"406129972982317068","Sidekick II#9293","15-Feb-21 06:36 AM","","",""
"406129972982317068","Sidekick II#9293","15-Feb-21 07:50 AM",":bk::s26: Chris14 upgraded Barbarian King
:spekka::s2: Alpha Wolf upgraded P.E.K.K.A
:sbarb::b8: your grandpa upgraded Barbarian
:shog::sk_unlocked: ZZ.mini unlocked Hog Rider
:sk_bh::t7: Guru is now Builder Hall 7
:Th::t6: kyndawg is now Town Hall 6
:sjump::b3: Arnold upgraded Jump
:aq::s8: chief steve upgraded Archer Queen
:aq::s45: Adam upgraded Archer Queen","",""
"406129972982317068","Sidekick II#9293","15-Feb-21 07:54 AM","","",""
"406129972982317068","Sidekick II#9293","15-Feb-21 07:54 AM","","",""
"406129972982317068","Sidekick II#9293","15-Feb-21 11:54 AM",":sbarb::b4: ZZ.mini upgraded Barbarian","",""
"406129972982317068","Sidekick II#9293","15-Feb-21 04:19 PM",":srbab::s4: Darth Zecheriah upgraded Raged Barbarian
:ssneaky::s4: Darth Zecheriah upgraded Sneaky Archer
:sk_bh::t3: Darth Zecheriah is now Builder Hall 3
:scanon::s17: Space Jesus upgraded Cannon Cart
:sbdragon::s6: LittleAlchemist upgraded Baby Dragon/Builder Base
:bk::s14: Guru upgraded Barbarian King
:seq::s2: RayOut upgraded Earthquake
:aq::s41: rhino0117 upgraded Archer Queen
:gw::s4: rhino0117 upgraded Grand Warden","",""
"406129972982317068","Sidekick II#9293","15-Feb-21 09:00 PM","","",""
"406129972982317068","Sidekick II#9293","15-Feb-21 09:00 PM","","",""
"406129972982317068","Sidekick II#9293","15-Feb-21 10:50 PM",":aq::sk_unlocked: quirky unlocked Archer Queen
:Th::t9: quirky is now Town Hall 9
:aq::s25: Dylan upgraded Archer Queen
:shog::s3: Artizas upgraded Hog Rider
:aq::s20: trrravesty upgraded Archer Queen","",""
"406129972982317068","Sidekick II#9293","16-Feb-21 04:55 AM",":sdragon::s3: seanh upgraded Dragon
:sbdragon::s7: seanh upgraded Baby Dragon/Builder Base
:bk::s34: Arnold upgraded Barbarian King
:scanon::s8: chief steve upgraded Cannon Cart
:sgold: quirky pushed to Gold League
:sgold: Guru pushed to Gold League","",""
"406129972982317068","Sidekick II#9293","16-Feb-21 09:46 AM","","",""
"406129972982317068","Sidekick II#9293","16-Feb-21 10:36 AM",":sbeta::s4: chief stephen upgraded Beta Minion
:bk::s2: ZZ.mini upgraded Barbarian King
:shealing::sk_unlocked: kyndawg unlocked Healing
:aq::s9: chief steve upgraded Archer Queen
:schampion: Arnold pushed to Champion League","",""
"406129972982317068","Sidekick II#9293","16-Feb-21 04:22 PM",":bk::s26: Z.Z upgraded Barbarian King
:Th::t10: Z.Z is now Town Hall 10
:snight::s2: GotrekTheGreat upgraded Night Witch
:sfreeze::b5: Space Jesus upgraded Freeze
:seq::s3: Space Jesus upgraded Earthquake
:aq::s33: Space Jesus upgraded Archer Queen
:sbat::sk_unlocked: Dylan unlocked Bat
:sgiant::b6: Guru upgraded Giant","",""
"406129972982317068","Sidekick II#9293","16-Feb-21 10:35 PM",":aq::s29: Z.Z upgraded Archer Queen
:aq::s20: Guru upgraded Archer Queen
:bd::b2: chief steve upgraded Baby Dragon
:sm::s24: Adam upgraded Battle Machine
:slightning::b8: trrravesty upgraded Lightning
:sbowler::s2: trrravesty upgraded Bowler","",""
"406129972982317068","Sidekick II#9293","17-Feb-21 04:28 AM",":sgoblin::s4: Z.Z upgraded Goblin
:sboxer::s5: kyndawg upgraded Boxer Giant
:aq::s44: cafrsggh upgraded Archer Queen
:gw::s28: cafrsggh upgraded Grand Warden","",""
"406129972982317068","Sidekick II#9293","17-Feb-21 10:02 AM",":sbomber::s8: quirky upgraded Bomber
:aq::s2: quirky upgraded Archer Queen
:bk::s16: your grandpa upgraded Barbarian King
:sboxer::s7: ZZ.mini upgraded Boxer Giant
:sbowler::sk_unlocked: Jamesy Boii unlocked Bowler
:scanon::s3: Artizas upgraded Cannon Cart","",""
"406129972982317068","Sidekick II#9293","17-Feb-21 03:46 PM",":slava::b3: GotrekTheGreat upgraded Lava Hound
:snight::s3: GotrekTheGreat upgraded Night Witch
:scanon::s3: xanderthegreat upgraded Cannon Cart
:shog::b4: Artizas upgraded Hog Rider
:bk::s15: Guru upgraded Barbarian King
:swizard::b3: kyndawg upgraded Wizard
:sgolem::s6: Adam upgraded Golem
:sboxer::s10: Adam upgraded Boxer Giant
:aq::s21: trrravesty upgraded Archer Queen","",""
"406129972982317068","Sidekick II#9293","17-Feb-21 10:01 PM",":switch::sk_unlocked: quirky unlocked Witch
:spekka::b4: Darth Zecheriah upgraded P.E.K.K.A
:sloon::s3: chief stephen upgraded Balloon
:bk::s9: LittleAlchemist upgraded Barbarian King
:sfreeze::s2: Dylan upgraded Freeze
:gw::s18: HyperZ3 upgraded Grand Warden
:slava::sk_unlocked: chief steve unlocked Lava Hound
:srbab::s9: chief steve upgraded Raged Barbarian
:aq::s10: chief steve upgraded Archer Queen
:scanon::s16: trrravesty upgraded Cannon Cart","",""
"406129972982317068","Sidekick II#9293","18-Feb-21 04:08 AM",":sbdragon::s2: Alpha Wolf upgraded Baby Dragon/Builder Base
:sarcher::b5: Wavyboytrell upgraded Archer
:aq::s5: seanh upgraded Archer Queen
:sinvisible::sk_unlocked: rhino0117 unlocked Invisibility
:ed::sk_unlocked: trrravesty unlocked Electro Dragon
:aq::s22: trrravesty upgraded Archer Queen","",""
"406129972982317068","Sidekick II#9293","18-Feb-21 09:51 AM",":sm::s18: Z.Z upgraded Battle Machine
:aq::s34: your grandpa upgraded Archer Queen
:bk::s3: ZZ.mini upgraded Barbarian King
:Th::t8: ZZ.mini is now Town Hall 8
:sbomber::s10: Jamesy Boii upgraded Bomber
:svalk::s3: CerMaC upgraded Valkyrie
:bd::sk_unlocked: CerMaC unlocked Baby Dragon
:srbab::s7: kyndawg upgraded Raged Barbarian
:ssneaky::s13: Pedro R. upgraded Sneaky Archer","",""
"406129972982317068","Sidekick II#9293","18-Feb-21 02:24 PM","","",""
"406129972982317068","Sidekick II#9293","18-Feb-21 03:37 PM",":slightning::s4: quirky upgraded Lightning
:sk_bh::t4: chief stephen is now Builder Hall 4
:bk::48: BlackStallion97 upgraded Barbarian King
:slightning::b8: rhino0117 upgraded Lightning
:bd::b5: rhino0117 upgraded Baby Dragon
:ed::b2: rhino0117 upgraded Electro Dragon
:sm::s14: Arnold upgraded Battle Machine
:shaste::s3: Pedro R. upgraded Haste
:sk_bh::t8: Pedro R. is now Builder Hall 8
:gw::s3: trrravesty upgraded Grand Warden
:scrystal: Darth Zecheriah pushed to Crystal League","",""
"406129972982317068","Sidekick II#9293","18-Feb-21 09:43 PM",":sbeta::s5: quirky upgraded Beta Minion
:spoison::sk_unlocked: ZZ.mini unlocked Poison
:sjump::s2: Jamesy Boii upgraded Jump
:slava::sk_unlocked: seanh unlocked Lava Hound
:sbarb::b5: BigBlueAircraft upgraded Barbarian
:bk::s21: trrravesty upgraded Barbarian King
:smaster: cafrsggh pushed to Master League","",""
"406129972982317068","Sidekick II#9293","19-Feb-21 10:57 AM",":bk::s27: Jamesy Boii upgraded Barbarian King
:gw::s13: Adam upgraded Grand Warden
:sm::s25: Adam upgraded Battle Machine","",""
"406129972982317068","Sidekick II#9293","19-Feb-21 10:00 PM",":gw::s5: rhino0117 upgraded Grand Warden
:sclone::sk_unlocked: Z.Z unlocked Clone
:bk::s27: Z.Z upgraded Barbarian King
:sdragon::s2: ZZ.mini upgraded Dragon
:sk_bh::t5: ZZ.mini is now Builder Hall 5
:sgiant::b3: kyndawg upgraded Giant
:sfreeze::b2: Guru upgraded Freeze
:sbarb::b6: Guru upgraded Barbarian
:aq::s21: Guru upgraded Archer Queen
:aq::s11: chief steve upgraded Archer Queen
:sm::s2: chief steve upgraded Battle Machine
:sdragon::b3: LittleAlchemist upgraded Dragon
:scrystal: chief steve pushed to Crystal League","",""
"406129972982317068","Sidekick II#9293","20-Feb-21 05:26 AM","","",""
"406129972982317068","Sidekick II#9293","20-Feb-21 07:40 AM","","",""
"406129972982317068","Sidekick II#9293","20-Feb-21 08:41 AM",":shealer::sk_unlocked: kyndawg unlocked Healer
:sbomber::s2: kyndawg upgraded Bomber
:bk::s16: Guru upgraded Barbarian King
:shaste::b4: Arnold upgraded Haste
:slava::s2: Alpha Wolf upgraded Lava Hound
:sm::s3: chief steve upgraded Battle Machine
:sbowler::b3: trrravesty upgraded Bowler","",""
"406129972982317068","Sidekick II#9293","20-Feb-21 07:42 PM",":shealer::b4: Space Jesus upgraded Healer
:slightning::s2: ZZ.mini upgraded Lightning
:seq::sk_unlocked: ZZ.mini unlocked Earthquake
:spekka::sk_unlocked: ZZ.mini unlocked P.E.K.K.A
:bd::sk_unlocked: quirky unlocked Baby Dragon
:sbeta::s6: quirky upgraded Beta Minion
:sm::s15: Arnold upgraded Battle Machine
:scanon::s2: Alpha Wolf upgraded Cannon Cart
:schampion: Arnold pushed to Champion League","",""
"406129972982317068","Sidekick II#9293","21-Feb-21 06:23 AM",":aq::s35: Space Jesus upgraded Archer Queen
:aq::30: Z.Z upgraded Archer Queen
:gw::s5: your grandpa upgraded Grand Warden
:sbomber::s3: kyndawg upgraded Bomber
:bk::s35: Arnold upgraded Barbarian King
:sk_bh::t7: Alpha Wolf is now Builder Hall 7
:swizard::b6: chief steve upgraded Wizard","",""
"406129972982317068","Sidekick II#9293","21-Feb-21 05:08 PM",":sbat::sk_unlocked: Z.Z unlocked Bat
:sgoblin::s5: Z.Z upgraded Goblin
:svalk::sk_unlocked: ZZ.mini unlocked Valkyrie
:swb::b3: kyndawg upgraded Wall Breaker
:sjump::sk_unlocked: quirky unlocked Jump
:sfreeze::sk_unlocked: quirky unlocked Freeze
:sk_bh::t4: Darth Zecheriah is now Builder Hall 4
:bk::s27: Chris14 upgraded Barbarian King
:slightning::s2: Alpha Wolf upgraded Lightning
:shog::b4: chief stephen upgraded Hog Rider
:sarcher::s5: CerMaC upgraded Archer
:aq::s13: chief steve upgraded Archer Queen
:switch::b3: RayOut upgraded Witch
:sm::s5: seanh upgraded Battle Machine","",""
"406129972982317068","Sidekick II#9293","22-Feb-21 05:30 AM",":aq::s23: GotrekTheGreat upgraded Archer Queen
:sminer::s3: your grandpa upgraded Miner
:sgolem::b5: Nevin upgraded Golem
:sbomber::s10: Nevin upgraded Bomber
:sbomber::s4: seanh upgraded Bomber","",""
"406129972982317068","Sidekick II#9293","22-Feb-21 06:31 AM","","",""
"406129972982317068","Sidekick II#9293","22-Feb-21 06:31 AM","","",""
"406129972982317068","Sidekick II#9293","22-Feb-21 07:25 PM",":bk::s4: ZZ.mini upgraded Barbarian King
:ssneaky::s7: kyndawg upgraded Sneaky Archer
:sgoblin::s5: Guru upgraded Goblin
:aq::s3: quirky upgraded Archer Queen
:aq::s16: Darth Zecheriah upgraded Archer Queen
:sarcher::b5: BigBlueAircraft upgraded Archer
:aq::s23: trrravesty upgraded Archer Queen","",""
"406129972982317068","Sidekick II#9293","22-Feb-21 08:38 PM","","",""
"406129972982317068","Sidekick II#9293","23-Feb-21 08:56 AM",":sm::s19: Z.Z upgraded Battle Machine
:Th::t12: your grandpa is now Town Hall 12
:sgolem::sk_unlocked: ZZ.mini unlocked Golem
:sloon::b3: kyndawg upgraded Balloon
:sbomber::s4: kyndawg upgraded Bomber
:sjump::sk_unlocked: xanderthegreat unlocked Jump
:sfreeze::sk_unlocked: xanderthegreat unlocked Freeze
:sgoblin::b6: Guru upgraded Goblin
:aq::s22: Guru upgraded Archer Queen
:srbab::s8: quirky upgraded Raged Barbarian
:sboxer::s2: Darth Zecheriah upgraded Boxer Giant
:swizard::b4: tom upgraded Wizard
:slightning::s3: Alpha Wolf upgraded Lightning
:shaste::sk_unlocked: Alpha Wolf unlocked Haste
:scanon::s3: Alpha Wolf upgraded Cannon Cart
:sbomber::s7: CerMaC upgraded Bomber
:slightning::s3: LittleAlchemist upgraded Lightning
:aq::s40: HyperZ3 upgraded Archer Queen
:sskeleton::s2: Pedro R. upgraded Skeleton
:scrystal: dieselproud pushed to Crystal League
:scrystal: Darth Zecheriah pushed to Crystal League
:scrystal: RayOut pushed to Crystal League","",""
"406129972982317068","Sidekick II#9293","23-Feb-21 10:26 PM",":aq::sk_unlocked: nic unlocked Archer Queen
:Th::t9: nic is now Town Hall 9
:slightning::s3: ZZ.mini upgraded Lightning
:bk::s17: Guru upgraded Barbarian King
:sdragon::s3: quirky upgraded Dragon
:sboxer::s3: Darth Zecheriah upgraded Boxer Giant
:scanon::s9: chief steve upgraded Cannon Cart
:aq::s14: chief steve upgraded Archer Queen
:sbowler::sk_unlocked: RayOut unlocked Bowler
:sminer::sk_unlocked: RayOut unlocked Miner
:sbdragon::s8: seanh upgraded Baby Dragon/Builder Base
:gw::s4: trrravesty upgraded Grand Warden","",""
"406129972982317068","Sidekick II#9293","24-Feb-21 11:28 AM",":snight::s4: GotrekTheGreat upgraded Night Witch
:sboxer::s6: kyndawg upgraded Boxer Giant
:scanon::s9: Jamesy Boii upgraded Cannon Cart
:sbdragon::s6: quirky upgraded Baby Dragon/Builder Base
:swizard::b6: Darth Zecheriah upgraded Wizard
:aq::30: Chris14 upgraded Archer Queen
:sdrop::s3: Arnold upgraded Drop Ship
:sloon::s4: chief stephen upgraded Balloon
:sm::s26: Adam upgraded Battle Machine","",""
"406129972982317068","Sidekick II#9293","24-Feb-21 11:31 PM",":sgolem::s3: RayOut upgraded Golem
:sbowler::b2: RayOut upgraded Bowler
:snight::s6: RayOut upgraded Night Witch
:sbarb::b7: Space Jesus upgraded Barbarian
:slightning::s5: xanderthegreat upgraded Lightning
:aq::s2: xanderthegreat upgraded Archer Queen
:sinvisible::b2: BlackStallion97 upgraded Invisibility
:slightning::s5: seanh upgraded Lightning
:shog::b7: rhino0117 upgraded Hog Rider
:gw::s6: rhino0117 upgraded Grand Warden
:bk::s28: Z.Z upgraded Barbarian King
:switch::b3: Arif BURHAN upgraded Witch
:sm::s2: Alpha Wolf upgraded Battle Machine
:aq::s4: quirky upgraded Archer Queen","",""
"406129972982317068","Sidekick II#9293","24-Feb-21 11:58 PM","","",""
"406129972982317068","Sidekick II#9293","25-Feb-21 07:47 AM",":bk::s32: Space Jesus upgraded Barbarian King
:shog::b5: chief steve upgraded Hog Rider
:snight::s5: GotrekTheGreat upgraded Night Witch
:aq::s24: GotrekTheGreat upgraded Archer Queen
:sboxer::s6: Teeej23 upgraded Boxer Giant
:aq::s12: Alpha Wolf upgraded Archer Queen
:schampion: Arnold pushed to Champion League","",""
"406129972982317068","Sidekick II#9293","25-Feb-21 08:41 PM",":bk::s22: trrravesty upgraded Barbarian King
:sfreeze::s4: Arnold upgraded Freeze
:sgiant::b7: Arnold upgraded Giant
:sloon::s2: xanderthegreat upgraded Balloon
:sboxer::s7: xanderthegreat upgraded Boxer Giant
:aq::s15: chief steve upgraded Archer Queen
:bk::s5: ZZ.mini upgraded Barbarian King
:sbdragon::s2: kyndawg upgraded Baby Dragon/Builder Base
:bk::s20: Teeej23 upgraded Barbarian King
:svalk::s2: your grandpa upgraded Valkyrie
:sbdragon::s7: quirky upgraded Baby Dragon/Builder Base","",""
"406129972982317068","Sidekick II#9293","25-Feb-21 09:57 PM","","",""
"406129972982317068","Sidekick II#9293","26-Feb-21 09:59 AM",":gw::s5: trrravesty upgraded Grand Warden
:scanon::s6: Dylan upgraded Cannon Cart
:bk::s26: Dylan upgraded Barbarian King
:bk::s37: Arnold upgraded Barbarian King
:sjump::b2: Guru upgraded Jump
:bk::s18: Guru upgraded Barbarian King
:aq::s23: Guru upgraded Archer Queen
:shealing::s2: kyndawg upgraded Healing
:sgolem::sk_unlocked: nic unlocked Golem
:srbab::s7: Teeej23 upgraded Raged Barbarian
:sboxer::s7: Teeej23 upgraded Boxer Giant
:sm::sk_unlocked: Teeej23 unlocked Battle Machine
:sk_bh::t5: Teeej23 is now Builder Hall 5
:sbowler::sk_unlocked: Z.Z unlocked Bowler
:slightning::s4: Alpha Wolf upgraded Lightning
:sarcher::s6: Alpha Wolf upgraded Archer
:aq::s15: Alpha Wolf upgraded Archer Queen
:sfreeze::s4: Chris14 upgraded Freeze
:sgold: your grandpa pushed to Gold League","",""
"406129972982317068","Sidekick II#9293","26-Feb-21 11:49 PM",":aq::s24: trrravesty upgraded Archer Queen
:shealer::b4: Dylan upgraded Healer
:sbowler::b3: Adam upgraded Bowler
:aq::46: Adam upgraded Archer Queen
:sm::s16: Arnold upgraded Battle Machine
:srbab::s14: Space Jesus upgraded Raged Barbarian
:scanon::s10: chief steve upgraded Cannon Cart
:slightning::s4: ZZ.mini upgraded Lightning
:slightning::b7: GotrekTheGreat upgraded Lightning
:sdragon::b5: Z.Z upgraded Dragon
:aq::s32: Z.Z upgraded Archer Queen
:sm::s20: Z.Z upgraded Battle Machine","",""
"406129972982317068","Sidekick II#9293","27-Feb-21 12:26 PM",":bk::s6: ZZ.mini upgraded Barbarian King
:sbdragon::s3: kyndawg upgraded Baby Dragon/Builder Base
:bk::s21: Arif BURHAN upgraded Barbarian King
:scanon::s4: Alpha Wolf upgraded Cannon Cart
:sm::s3: Alpha Wolf upgraded Battle Machine
:sgoblin::s4: your grandpa upgraded Goblin
:sgold: Teeej23 pushed to Gold League","",""
"406129972982317068","Sidekick II#9293","28-Feb-21 02:14 AM",":ed::b2: trrravesty upgraded Electro Dragon
:bd::s2: Space Jesus upgraded Baby Dragon
:sdrop::s2: Chris14 upgraded Drop Ship
:sminion::s2: Guru upgraded Minion
:bk::49: BlackStallion97 upgraded Barbarian King
:shealing::s2: seanh upgraded Healing
:sskeleton::sk_unlocked: seanh unlocked Skeleton
:aq::s6: seanh upgraded Archer Queen
:sm::s4: Alpha Wolf upgraded Battle Machine
:shealer::s3: chief steve upgraded Healer
:smaster: Chris14 pushed to Master League","",""
"384367680955744266","BlackStallion97#1505","28-Feb-21 04:08 AM","!upgrade","",""
"384367680955744266","BlackStallion97#1505","28-Feb-21 04:08 AM","</upgrade:811050439767228447> ","",""
"406129972982317068","Sidekick II#9293","28-Feb-21 04:08 AM","â€‹","",""
"406129972982317068","Sidekick II#9293","28-Feb-21 04:08 AM","â€‹","",""
"406129972982317068","Sidekick II#9293","28-Feb-21 04:08 AM","","",""
"802848808627077131","ArnoldCoC#1155","28-Feb-21 04:10 AM","!upgrade","",""
"802848808627077131","ArnoldCoC#1155","28-Feb-21 04:10 AM","</upgrade:811050439767228447> ","",""
"406129972982317068","Sidekick II#9293","28-Feb-21 04:10 AM","â€‹","",""
"406129972982317068","Sidekick II#9293","28-Feb-21 04:10 AM","","",""
"406129972982317068","Sidekick II#9293","28-Feb-21 03:03 PM",":scanon::s13: RayOut upgraded Cannon Cart
:sbowler::b2: Space Jesus upgraded Bowler
:svalk::b4: CerMaC upgraded Valkyrie
:bk::s6: xanderthegreat upgraded Barbarian King
:scanon::s2: ZZ.mini upgraded Cannon Cart
:Th::t9: ZZ.mini is now Town Hall 9
:sbomber::s2: Teeej23 upgraded Bomber
:aq::s17: Teeej23 upgraded Archer Queen
:aq::s16: Alpha Wolf upgraded Archer Queen
:sskeleton::b3: Pedro R. upgraded Skeleton
:sbdragon::s14: Pedro R. upgraded Baby Dragon/Builder Base
:sgold: CerMaC pushed to Gold League","",""
"406129972982317068","Sidekick II#9293","01-Mar-21 03:58 AM",":sm::s15: Space Jesus upgraded Battle Machine
:aq::s31: Chris14 upgraded Archer Queen
:scanon::s13: Guru upgraded Cannon Cart
:bk::s19: Guru upgraded Barbarian King
:scanon::s3: ZZ.mini upgraded Cannon Cart
:sbeta::s5: kyndawg upgraded Beta Minion
:sbat::sk_unlocked: GotrekTheGreat unlocked Bat
:sboxer::s9: GotrekTheGreat upgraded Boxer Giant
:sminion::b6: Pedro R. upgraded Minion
:shealer::b4: chief steve upgraded Healer
:sboxer::s9: chief steve upgraded Boxer Giant
:aq::s16: chief steve upgraded Archer Queen","",""
"406129972982317068","Sidekick II#9293","01-Mar-21 07:41 AM","","",""
"406129972982317068","Sidekick II#9293","01-Mar-21 07:41 AM","","",""
"406129972982317068","Sidekick II#9293","01-Mar-21 03:48 PM",":bk::s33: Space Jesus upgraded Barbarian King
:ww::sk_unlocked: your grandpa unlocked Wall Wrecker
:aq::s35: your grandpa upgraded Archer Queen
:shealing::b6: chief steve upgraded Healing
:scrystal: Pedro R. pushed to Crystal League","",""
"406129972982317068","Sidekick II#9293","02-Mar-21 03:02 AM",":sclone::b5: Adam upgraded Clone
:sgiant::b8: Adam upgraded Giant
:shealer::b5: Adam upgraded Healer
:sm::s27: Adam upgraded Battle Machine
:sk_bh::t6: xanderthegreat is now Builder Hall 6
:sminion::s3: Guru upgraded Minion
:slightning::s5: ZZ.mini upgraded Lightning
:sbeta::s6: kyndawg upgraded Beta Minion
:bk::s29: Z.Z upgraded Barbarian King
:sbdragon::s8: quirky upgraded Baby Dragon/Builder Base
:sk_bh::t9: Pedro R. is now Builder Hall 9","",""
"406129972982317068","Sidekick II#9293","02-Mar-21 12:42 PM",":bk::s28: Chris14 upgraded Barbarian King
:svalk::sk_unlocked: xanderthegreat unlocked Valkyrie
:sfreeze::b6: rhino0117 upgraded Freeze
:shealer::b5: rhino0117 upgraded Healer
:sicegolem::b3: rhino0117 upgraded Ice Golem
:aq::s42: rhino0117 upgraded Archer Queen
:sminer::b3: Arif BURHAN upgraded Miner
:slightning::s5: Alpha Wolf upgraded Lightning
:sarcher::b7: Alpha Wolf upgraded Archer
:shealer::b4: Alpha Wolf upgraded Healer
:sgoblin::s5: your grandpa upgraded Goblin
:aq::s5: quirky upgraded Archer Queen","",""
